"             ELEM1","             ELEM2","                 X","                 Y","                 Z","              HEAT","              FLOW","            FLOW_G","            FLOW_L"
"                  ","                  ","               (M)","               (M)","               (M)","               (W)","            (KG/S)","            (KG/S)","            (KG/S)"
"TIME [sec]  0.31560000E+08"
"             A11 0","             A11 1",  0.30002474023E+000,  0.00000000000E+000, -0.22500000000E+001, -0.29997441415E+004,  0.31724968910E-009,  0.31414402918E-009,  0.31056599201E-011
"             A11 1","             A11 2",  0.60634010403E+000,  0.00000000000E+000, -0.22500000000E+001, -0.29991071611E+004, -0.32231943093E-006, -0.11712458841E-002,  0.11709235647E-002
"             A11 2","             A11 3",  0.91920359460E+000,  0.00000000000E+000, -0.22500000000E+001, -0.30020387845E+004, -0.10498732089E-004, -0.11399662650E-002,  0.11294675329E-002
"             A11 3","             A11 4",  0.12383235403E+001,  0.00000000000E+000, -0.22500000000E+001, -0.30053357023E+004, -0.24428368999E-004, -0.11108418620E-002,  0.10864134930E-002
"             A11 4","             A11 5",  0.15642871972E+001,  0.00000000000E+000, -0.22500000000E+001, -0.30088587162E+004, -0.42676263209E-004, -0.10798202501E-002,  0.10371439869E-002
"             A11 5","             A11 6",  0.18972519769E+001,  0.00000000000E+000, -0.22500000000E+001, -0.30145207337E+004, -0.71159360979E-004, -0.29264366140E-003,  0.22148430042E-003
"             A11 6","             A11 7",  0.22372121415E+001,  0.00000000000E+000, -0.22500000000E+001, -0.29765964346E+004, -0.71541119876E-004, -0.29690648005E-007, -0.71511429228E-004
"             A11 7","             A11 8",  0.25841784869E+001,  0.00000000000E+000, -0.22500000000E+001, -0.29318473598E+004, -0.71707658452E-004, -0.33599017044E-007, -0.71674059435E-004
"             A11 8","             A11 9",  0.29381352604E+001,  0.00000000000E+000, -0.22500000000E+001, -0.28803034526E+004, -0.71630513972E-004, -0.40421783423E-007, -0.71590092189E-004
"             A11 9","             A1110",  0.33000978172E+001,  0.00000000000E+000, -0.22500000000E+001, -0.28220491558E+004, -0.71301170724E-004, -0.48064621447E-007, -0.71253106103E-004
"             A1110","             A1111",  0.36695613513E+001,  0.00000000000E+000, -0.22500000000E+001, -0.27572151941E+004, -0.70729942374E-004, -0.56194015671E-007, -0.70673748359E-004
"             A1111","             A1112",  0.40465205195E+001,  0.00000000000E+000, -0.22500000000E+001, -0.26859751327E+004, -0.69942259654E-004, -0.64691408480E-007, -0.69877568245E-004
"             A1112","             A1113",  0.44314755725E+001,  0.00000000000E+000, -0.22500000000E+001, -0.26085439300E+004, -0.68973044588E-004, -0.73486403474E-007, -0.68899558185E-004
"             A1113","             A1114",  0.48249313096E+001,  0.00000000000E+000, -0.22500000000E+001, -0.25251831408E+004, -0.67860119979E-004, -0.82523635201E-007, -0.67777596344E-004
"             A1114","             A1115",  0.52263933291E+001,  0.00000000000E+000, -0.22500000000E+001, -0.24362080745E+004, -0.66637594792E-004, -0.91755855933E-007, -0.66545838936E-004
"             A1115","             A1116",  0.56363406814E+001,  0.00000000000E+000, -0.22500000000E+001, -0.23419927303E+004, -0.65330223942E-004, -0.10114564099E-006, -0.65229078301E-004
"             A1116","             A1117",  0.60548045781E+001,  0.00000000000E+000, -0.22500000000E+001, -0.22429743915E+004, -0.63949607923E-004, -0.11066727500E-006, -0.63838940648E-004
"             A1117","             A1118",  0.64817538041E+001,  0.00000000000E+000, -0.22500000000E+001, -0.21396589168E+004, -0.62492817447E-004, -0.12030771776E-006, -0.62372509729E-004
"             A1118","             A1119",  0.69182042191E+001,  0.00000000000E+000, -0.22500000000E+001, -0.20326171638E+004, -0.60943450065E-004, -0.13006578054E-006, -0.60813384284E-004
"             A1119","             A1120",  0.73636606238E+001,  0.00000000000E+000, -0.22500000000E+001, -0.19224867906E+004, -0.59275042284E-004, -0.13994845238E-006, -0.59135093832E-004
"             A1120","             A1121",  0.78186078158E+001,  0.00000000000E+000, -0.22500000000E+001, -0.18099674390E+004, -0.57456052310E-004, -0.14996575800E-006, -0.57306086552E-004
"             A1121","             A1122",  0.82830612480E+001,  0.00000000000E+000, -0.22500000000E+001, -0.16958104770E+004, -0.55455546843E-004, -0.16012475245E-006, -0.55295422090E-004
"             A1122","             A1123",  0.87570105197E+001,  0.00000000000E+000, -0.22500000000E+001, -0.15808108399E+004, -0.53248796265E-004, -0.17042334164E-006, -0.53078372923E-004
"             A1123","             A1124",  0.92409558845E+001,  0.00000000000E+000, -0.22500000000E+001, -0.14657871924E+004, -0.50821742577E-004, -0.18084607576E-006, -0.50640896501E-004
"             A1124","             A1125",  0.97354021424E+001,  0.00000000000E+000, -0.22500000000E+001, -0.13515743041E+004, -0.48174118285E-004, -0.19136028919E-006, -0.47982757996E-004
"             A1125","             A1126",  0.10241334327E+002,  0.00000000000E+000, -0.22500000000E+001, -0.12390153586E+004, -0.45320829224E-004, -0.20191443361E-006, -0.45118914791E-004
"             A1126","             A1127",  0.10757298481E+002,  0.00000000000E+000, -0.22500000000E+001, -0.11289202759E+004, -0.42290707297E-004, -0.21244177909E-006, -0.42078265518E-004
"             A1127","             A1128",  0.11282243374E+002,  0.00000000000E+000, -0.22500000000E+001, -0.10220735618E+004, -0.39124920734E-004, -0.22286123570E-006, -0.38902059499E-004
"             A1128","             A1129",  0.11817189521E+002,  0.00000000000E+000, -0.22500000000E+001, -0.91920859093E+003, -0.35873493499E-004, -0.23308280852E-006, -0.35640410690E-004
"             A1129","             A1130",  0.12367089859E+002,  0.00000000000E+000, -0.22500000000E+001, -0.82097537929E+003, -0.32590934736E-004, -0.24301461493E-006, -0.32347920121E-004
"             A1130","             A1131",  0.12927085447E+002,  0.00000000000E+000, -0.22500000000E+001, -0.72795135402E+003, -0.29333139572E-004, -0.25256576373E-006, -0.29080573808E-004
"             A1131","             A1132",  0.13496983297E+002,  0.00000000000E+000, -0.22500000000E+001, -0.64062205776E+003, -0.26153677490E-004, -0.26165199342E-006, -0.25892025497E-004
"             A1132","             A1133",  0.14081934428E+002,  0.00000000000E+000, -0.22500000000E+001, -0.55935974343E+003, -0.23100488024E-004, -0.27020102864E-006, -0.22830286995E-004
"             A1133","             A1134",  0.14676876920E+002,  0.00000000000E+000, -0.22500000000E+001, -0.48443445711E+003, -0.20214427456E-004, -0.27815374399E-006, -0.19936273712E-004
"             A1134","             A1135",  0.15286773774E+002,  0.00000000000E+000, -0.22500000000E+001, -0.41599719249E+003, -0.17527481715E-004, -0.28546750367E-006, -0.17242014212E-004
"             A1135","             A1136",  0.15911724028E+002,  0.00000000000E+000, -0.22500000000E+001, -0.35409097072E+003, -0.15062646120E-004, -0.29211579684E-006, -0.14770530323E-004
"             A1136","             A1137",  0.16546675610E+002,  0.00000000000E+000, -0.22500000000E+001, -0.29864764798E+003, -0.12833755737E-004, -0.29808881409E-006, -0.12535666923E-004
"             A1137","             A1138",  0.17191618669E+002,  0.00000000000E+000, -0.22500000000E+001, -0.24950250535E+003, -0.10846381712E-004, -0.30339165768E-006, -0.10542990055E-004
"             A1138","             A1139",  0.17851516213E+002,  0.00000000000E+000, -0.22500000000E+001, -0.20640082811E+003, -0.90986443214E-005, -0.30804312544E-006, -0.87906011960E-005
"             A1139","             A1140",  0.18526462278E+002,  0.00000000000E+000, -0.22500000000E+001, -0.16901021577E+003, -0.75823782898E-005, -0.31207371673E-006, -0.72703045731E-005
"             A1140","             A1141",  0.19216357882E+002,  0.00000000000E+000, -0.22500000000E+001, -0.13693825767E+003, -0.62845490781E-005, -0.31552299295E-006, -0.59690260851E-005
"             A1141","             A1142",  0.19921307074E+002,  0.00000000000E+000, -0.22500000000E+001, -0.10974609338E+003, -0.51884692765E-005, -0.31843741031E-006, -0.48700318662E-005
"             A1142","             A1143",  0.20641205821E+002,  0.00000000000E+000, -0.22500000000E+001, -0.86965853370E+002, -0.42750951685E-005, -0.32086780333E-006, -0.39542273651E-005
"             A1143","             A1144",  0.21376153162E+002,  0.00000000000E+000, -0.22500000000E+001, -0.68115105828E+002, -0.35241003040E-005, -0.32286730030E-006, -0.32012330037E-005
"             A1144","             A1145",  0.22121097258E+002,  0.00000000000E+000, -0.22500000000E+001, -0.52713049284E+002, -0.29149075240E-005, -0.32448916716E-006, -0.25904183569E-005
"             A1145","             A1146",  0.22885944016E+002,  0.00000000000E+000, -0.22500000000E+001, -0.40292037501E+002, -0.24274254668E-005, -0.32578527007E-006, -0.21016401967E-005
"             A1146","             A1147",  0.23670891516E+002,  0.00000000000E+000, -0.22500000000E+001, -0.30408683871E+002, -0.20426707380E-005, -0.32680468922E-006, -0.17158660488E-005
"             A1147","             A1148",  0.24465840778E+002,  0.00000000000E+000, -0.22500000000E+001, -0.22652433610E+002, -0.17432073792E-005, -0.32759269428E-006, -0.14156146850E-005
"             A1148","             A1149",  0.25280682862E+002,  0.00000000000E+000, -0.22500000000E+001, -0.16651436485E+002, -0.15134165383E-005, -0.32819007652E-006, -0.11852264618E-005
"             A1149","             A1150",  0.26115630832E+002,  0.00000000000E+000, -0.22500000000E+001, -0.12075711280E+002, -0.13396149155E-005, -0.32863281882E-006, -0.10109820967E-005
"             A1150","             A1151",  0.26960580658E+002,  0.00000000000E+000, -0.22500000000E+001, -0.86386041254E+001, -0.12100777814E-005, -0.32895197898E-006, -0.88112580242E-006
"             A1151","             A1152",  0.27825423417E+002,  0.00000000000E+000, -0.22500000000E+001, -0.60962330839E+001, -0.11149684560E-005, -0.32917380583E-006, -0.78579465021E-006
"             A1152","             A1153",  0.28710372151E+002,  0.00000000000E+000, -0.22500000000E+001, -0.42451220528E+001, -0.10461934015E-005, -0.32932004868E-006, -0.71687335284E-006
"             A1153","             A1154",  0.29615213896E+002,  0.00000000000E+000, -0.22500000000E+001, -0.29189781318E+001, -0.99722659403E-006, -0.32940835820E-006, -0.66781823583E-006
"             A1154","             A1155",  0.30540161757E+002,  0.00000000000E+000, -0.22500000000E+001, -0.19845481973E+001, -0.96290551633E-006, -0.32945277353E-006, -0.63345274279E-006
"             A1155","             A1156",  0.31480059673E+002,  0.00000000000E+000, -0.22500000000E+001, -0.13372236887E+001, -0.93922617649E-006, -0.32946422897E-006, -0.60976194752E-006
"             A1156","             A1157",  0.32439954726E+002,  0.00000000000E+000, -0.22500000000E+001, -0.89653739622E+000, -0.92314315866E-006, -0.32945106276E-006, -0.59369209590E-006
"             A1157","             A1158",  0.33424799960E+002,  0.00000000000E+000, -0.22500000000E+001, -0.60182189651E+000, -0.91238421786E-006, -0.32941949495E-006, -0.58296472292E-006
"             A1158","             A1159",  0.34429746437E+002,  0.00000000000E+000, -0.22500000000E+001, -0.40828458366E+000, -0.90528762777E-006, -0.32937405751E-006, -0.57591357026E-006
"             A1159","             A1160",  0.35449643195E+002,  0.00000000000E+000, -0.22500000000E+001, -0.28353096052E+000, -0.90066199354E-006, -0.32931796798E-006, -0.57134402556E-006
"             A1160","             A1161",  0.36494490248E+002,  0.00000000000E+000, -0.22500000000E+001, -0.20463552107E+000, -0.89767074815E-006, -0.32925345073E-006, -0.56841729741E-006
"             A1161","             A1162",  0.37564381677E+002,  0.00000000000E+000, -0.22500000000E+001, -0.15569768048E+000, -0.89573770552E-006, -0.32918198595E-006, -0.56655571956E-006
"             A1162","             A1163",  0.38654280563E+002,  0.00000000000E+000, -0.22500000000E+001, -0.12593484693E+000, -0.89447452866E-006, -0.32910451560E-006, -0.56537001306E-006
"             A1163","             A1164",  0.39764176889E+002,  0.00000000000E+000, -0.22500000000E+001, -0.10819293596E+000, -0.89362490510E-006, -0.32902159992E-006, -0.56460330518E-006
"             A1164","             A1165",  0.40899018766E+002,  0.00000000000E+000, -0.22500000000E+001, -0.97828304355E-001, -0.89302314668E-006, -0.32893352753E-006, -0.56408961915E-006
"             A1165","             A1166",  0.42058915245E+002,  0.00000000000E+000, -0.22500000000E+001, -0.91894499592E-001, -0.89256443993E-006, -0.32884041380E-006, -0.56372402614E-006
"             A1166","             A1167",  0.43243757365E+002,  0.00000000000E+000, -0.22500000000E+001, -0.88564178741E-001, -0.89218385115E-006, -0.32874225419E-006, -0.56344159696E-006
"             A1167","             A1168",  0.44453654207E+002,  0.00000000000E+000, -0.22500000000E+001, -0.86729227409E-001, -0.89184192207E-006, -0.32863895894E-006, -0.56320296313E-006
"             A1168","             A1169",  0.45688501744E+002,  0.00000000000E+000, -0.22500000000E+001, -0.85733598446E-001, -0.89151511579E-006, -0.32853038059E-006, -0.56298473520E-006
"             A1169","             A1170",  0.46948394090E+002,  0.00000000000E+000, -0.22500000000E+001, -0.85198075555E-001, -0.89118963142E-006, -0.32841634639E-006, -0.56277328503E-006
"             A1170","             A1171",  0.48233237341E+002,  0.00000000000E+000, -0.22500000000E+001, -0.84908559751E-001, -0.89085742036E-006, -0.32829665600E-006, -0.56256076436E-006
"             A1171","             A1172",  0.49548083507E+002,  0.00000000000E+000, -0.22500000000E+001, -0.84747078468E-001, -0.89051374256E-006, -0.32817108214E-006, -0.56234266042E-006
"             A1172","             A1173",  0.50892927639E+002,  0.00000000000E+000, -0.22500000000E+001, -0.84650242401E-001, -0.89015578497E-006, -0.32803940264E-006, -0.56211638233E-006
"             A1173","             A1174",  0.52262826780E+002,  0.00000000000E+000, -0.22500000000E+001, -0.84584782955E-001, -0.88978171753E-006, -0.32790136891E-006, -0.56188034862E-006
"             A1174","             A1175",  0.53657667058E+002,  0.00000000000E+000, -0.22500000000E+001, -0.84533702096E-001, -0.88939028455E-006, -0.32775673540E-006, -0.56163354915E-006
"             A1175","             A1176",  0.55087458541E+002,  0.00000000000E+000, -0.22500000000E+001, -0.84488485532E-001, -0.88898048190E-006, -0.32760523996E-006, -0.56137524194E-006
"             A1176","             A1177",  0.56547352324E+002,  0.00000000000E+000, -0.22500000000E+001, -0.84444914160E-001, -0.88855145131E-006, -0.32744661857E-006, -0.56110483273E-006
"             A1177","             A1178",  0.58032202353E+002,  0.00000000000E+000, -0.22500000000E+001, -0.84401050117E-001, -0.88810236927E-006, -0.32728059240E-006, -0.56082177688E-006
"             A1178","             A1179",  0.59551988775E+002,  0.00000000000E+000, -0.22500000000E+001, -0.84355873790E-001, -0.88763244734E-006, -0.32710688201E-006, -0.56052556534E-006
"             A1179","             A1180",  0.61106835692E+002,  0.00000000000E+000, -0.22500000000E+001, -0.84308959225E-001, -0.88714087698E-006, -0.32692519426E-006, -0.56021568272E-006
"             A1180","             A1181",  0.62691676139E+002,  0.00000000000E+000, -0.22500000000E+001, -0.84260019397E-001, -0.88662683975E-006, -0.32673522992E-006, -0.55989160984E-006
"             A1181","             A1182",  0.64306525165E+002,  0.00000000000E+000, -0.22500000000E+001, -0.84208928735E-001, -0.88608948772E-006, -0.32653667719E-006, -0.55955281052E-006
"             A1182","             A1183",  0.65956315840E+002,  0.00000000000E+000, -0.22500000000E+001, -0.84155555565E-001, -0.88552797915E-006, -0.32632922632E-006, -0.55919875283E-006
"             A1183","             A1184",  0.67646105299E+002,  0.00000000000E+000, -0.22500000000E+001, -0.84099807795E-001, -0.88494144298E-006, -0.32611255634E-006, -0.55882888664E-006
"             A1184","             A1185",  0.69370950624E+002,  0.00000000000E+000, -0.22500000000E+001, -0.84041597154E-001, -0.88432896203E-006, -0.32588632927E-006, -0.55844263276E-006
"             A1185","             A1186",  0.71125794844E+002,  0.00000000000E+000, -0.22500000000E+001, -0.83980830288E-001, -0.88368962983E-006, -0.32565021092E-006, -0.55803941891E-006
"             A1186","             A1187",  0.72920534054E+002,  0.00000000000E+000, -0.22500000000E+001, -0.83917410689E-001, -0.88302249736E-006, -0.32540385174E-006, -0.55761864563E-006
"             A1187","             A1188",  0.74755381334E+002,  0.00000000000E+000, -0.22500000000E+001, -0.83851290935E-001, -0.88232659480E-006, -0.32514689420E-006, -0.55717970060E-006
"             A1188","             A1189",  0.76625170773E+002,  0.00000000000E+000, -0.22500000000E+001, -0.83782340830E-001, -0.88160095082E-006, -0.32487898027E-006, -0.55672197055E-006
"             A1189","             A1190",  0.78534964472E+002,  0.00000000000E+000, -0.22500000000E+001, -0.83710428158E-001, -0.88084454043E-006, -0.32459973240E-006, -0.55624480802E-006
"             A1190","             A1191",  0.80484752543E+002,  0.00000000000E+000, -0.22500000000E+001, -0.83635544701E-001, -0.88005634465E-006, -0.32430877459E-006, -0.55574757006E-006
"             A1191","             A1192",  0.82479503001E+002,  0.00000000000E+000, -0.22500000000E+001, -0.83557514562E-001, -0.87923531070E-006, -0.32400571974E-006, -0.55522959096E-006
"             A1192","             A1193",  0.84514327073E+002,  0.00000000000E+000, -0.22500000000E+001, -0.83476253514E-001, -0.87838036305E-006, -0.32369017091E-006, -0.55469019214E-006
"             A1193","             A1194",  0.86589091689E+002,  0.00000000000E+000, -0.22500000000E+001, -0.83391684964E-001, -0.87749039996E-006, -0.32336172250E-006, -0.55412867745E-006
"             A1194","             A1195",  0.88708863011E+002,  0.00000000000E+000, -0.22500000000E+001, -0.83303656515E-001, -0.87656429914E-006, -0.32301996114E-006, -0.55354433800E-006
"             A1195","             A1196",  0.90873587493E+002,  0.00000000000E+000, -0.22500000000E+001, -0.83212112685E-001, -0.87560091849E-006, -0.32266446683E-006, -0.55293645166E-006
"             A1196","             A1197",  0.93083418696E+002,  0.00000000000E+000, -0.22500000000E+001, -0.83116912774E-001, -0.87459908420E-006, -0.32229480793E-006, -0.55230427627E-006
"             A1197","             A1198",  0.95343100636E+002,  0.00000000000E+000, -0.22500000000E+001, -0.83017919237E-001, -0.87355762657E-006, -0.32191055491E-006, -0.55164707166E-006
"             A1198","             A1199",  0.97647943652E+002,  0.00000000000E+000, -0.22500000000E+001, -0.82915085154E-001, -0.87247531440E-006, -0.32151125607E-006, -0.55096405833E-006
"             A1199","             A12 0",  0.10000556220E+003,  0.00000000000E+000, -0.22500000000E+001, -0.82808194976E-001, -0.87135092898E-006, -0.32109646441E-006, -0.55025446457E-006
"             A12 0","             A12 1",  0.10338774516E+003,  0.00000000000E+000, -0.22500000000E+001, -0.82652325542E-001, -0.86971083309E-006, -0.32049147710E-006, -0.54921935599E-006
"             A12 1","             A12 2",  0.10818762742E+003,  0.00000000000E+000, -0.22500000000E+001, -0.82423390351E-001, -0.86730149537E-006, -0.31960282608E-006, -0.54769866929E-006
"             A12 2","             A12 3",  0.11501670482E+003,  0.00000000000E+000, -0.22500000000E+001, -0.82084036604E-001, -0.86373096030E-006, -0.31828601543E-006, -0.54544494488E-006
"             A12 3","             A12 4",  0.12483987403E+003,  0.00000000000E+000, -0.22500000000E+001, -0.81576092387E-001, -0.85838577516E-006, -0.31631490945E-006, -0.54207086571E-006
"             A12 4","             A12 5",  0.13889812218E+003,  0.00000000000E+000, -0.22500000000E+001, -0.80807402072E-001, -0.85029752813E-006, -0.31333258312E-006, -0.53696494501E-006
"             A12 5","             A12 6",  0.15894452474E+003,  0.00000000000E+000, -0.22500000000E+001, -0.79632585491E-001, -0.83793563199E-006, -0.30877498679E-006, -0.52916064520E-006
"             A12 6","             A12 7",  0.18762529518E+003,  0.00000000000E+000, -0.22500000000E+001, -0.77822185243E-001, -0.81888554292E-006, -0.30175240172E-006, -0.51713314120E-006
"             A12 7","             A12 8",  0.22855941709E+003,  0.00000000000E+000, -0.22500000000E+001, -0.75012079830E-001, -0.78931636779E-006, -0.29085330489E-006, -0.49846306290E-006
"             A12 8","             A12 9",  0.28706835340E+003,  0.00000000000E+000, -0.22500000000E+001, -0.70604507671E-001, -0.74293765847E-006, -0.27376002156E-006, -0.46917763691E-006
"             A12 9","             A1210",  0.37076528576E+003,  0.00000000000E+000, -0.22500000000E+001, -0.63591134205E-001, -0.66913930389E-006, -0.24656338516E-006, -0.42257591874E-006
"             A1210","             A1211",  0.49037188731E+003,  0.00000000000E+000, -0.22500000000E+001, -0.52503053262E-001, -0.55246489647E-006, -0.20356876502E-006, -0.34889613145E-006
"             A1211","             A1212",  0.66126058656E+003,  0.00000000000E+000, -0.22500000000E+001, -0.36440778154E-001, -0.38344904680E-006, -0.14128925309E-006, -0.24215979371E-006
"             A1212","             A1213",  0.90549706755E+003,  0.00000000000E+000, -0.22500000000E+001, -0.18089910096E-001, -0.19035174642E-006, -0.70138207853E-007, -0.12021353857E-006
"             A1213","             A1214",  0.12545376506E+004,  0.00000000000E+000, -0.22500000000E+001, -0.50861872877E-002, -0.53519481124E-007, -0.19720040013E-007, -0.33799441111E-007
"             A1214","             A1215",  0.17534635338E+004,  0.00000000000E+000, -0.22500000000E+001, -0.67178324084E-003, -0.70688619716E-008, -0.26046228784E-008, -0.44642390932E-008
"             A1215","             A1216",  0.24664941350E+004,  0.00000000000E+000, -0.22500000000E+001, -0.38571368858E-004, -0.40584302979E-009, -0.14953862289E-009, -0.25630440690E-009
"             A1216","             A1217",  0.34856246991E+004,  0.00000000000E+000, -0.22500000000E+001, -0.94710523797E-006, -0.10001943524E-010, -0.36853520231E-011, -0.63165915008E-011
"             A1217","             A1218",  0.49426116857E+004,  0.00000000000E+000, -0.22500000000E+001, -0.10162434088E-007, -0.10694513347E-012, -0.39405484542E-013, -0.67539648923E-013
"             A1218","             A1219",  0.70246706738E+004,  0.00000000000E+000, -0.22500000000E+001, -0.47791176408E-010, -0.50292371395E-015, -0.18532808192E-015, -0.31759563203E-015
"             A1219","             A1220",  0.10000000000E+005,  0.00000000000E+000, -0.22500000000E+001,  0.00000000000E+000,  0.00000000000E+000,  0.00000000000E+000,  0.00000000000E+000
"TIME [sec]  0.12620000E+09"
"             A11 0","             A11 1",  0.30002474023E+000,  0.00000000000E+000, -0.22500000000E+001, -0.29981035940E+004, -0.46733941556E-009, -0.46733941556E-009,  0.00000000000E+000
"             A11 1","             A11 2",  0.60634010403E+000,  0.00000000000E+000, -0.22500000000E+001, -0.29921980461E+004, -0.21594281175E-008, -0.21594281175E-008,  0.00000000000E+000
"             A11 2","             A11 3",  0.91920359460E+000,  0.00000000000E+000, -0.22500000000E+001, -0.29818616897E+004, -0.53661369949E-008, -0.53661369949E-008,  0.00000000000E+000
"             A11 3","             A11 4",  0.12383235403E+001,  0.00000000000E+000, -0.22500000000E+001, -0.29665601036E+004, -0.10366477010E-007, -0.10366477010E-007,  0.00000000000E+000
"             A11 4","             A11 5",  0.15642871972E+001,  0.00000000000E+000, -0.22500000000E+001, -0.29457219389E+004, -0.17434328060E-007, -0.86888745317E-003,  0.86887001885E-003
"             A11 5","             A11 6",  0.18972519769E+001,  0.00000000000E+000, -0.22500000000E+001, -0.29467809482E+004, -0.23089311782E-005, -0.11155982823E-002,  0.11132893511E-002
"             A11 6","             A11 7",  0.22372121415E+001,  0.00000000000E+000, -0.22500000000E+001, -0.29483545899E+004, -0.60365608256E-005, -0.11007894532E-002,  0.10947528924E-002
"             A11 7","             A11 8",  0.25841784869E+001,  0.00000000000E+000, -0.22500000000E+001, -0.29497446756E+004, -0.98114055483E-005, -0.10857163702E-002,  0.10759049646E-002
"             A11 8","             A11 9",  0.29381352604E+001,  0.00000000000E+000, -0.22500000000E+001, -0.29512061735E+004, -0.14472472918E-004, -0.10693526705E-002,  0.10548801975E-002
"             A11 9","             A1110",  0.33000978172E+001,  0.00000000000E+000, -0.22500000000E+001, -0.29530667768E+004, -0.21127176321E-004, -0.10497737812E-002,  0.10286466049E-002
"             A1110","             A1111",  0.36695613513E+001,  0.00000000000E+000, -0.22500000000E+001, -0.29556034203E+004, -0.30924372301E-004, -0.40413590051E-003,  0.37321152821E-003
"             A1111","             A1112",  0.40465205195E+001,  0.00000000000E+000, -0.22500000000E+001, -0.29460923721E+004, -0.33997621728E-004, -0.15465731343E-007, -0.33982155997E-004
"             A1112","             A1113",  0.44314755725E+001,  0.00000000000E+000, -0.22500000000E+001, -0.29333722417E+004, -0.37282727729E-004, -0.14096684828E-007, -0.37268631044E-004
"             A1113","             A1114",  0.48249313096E+001,  0.00000000000E+000, -0.22500000000E+001, -0.29172458325E+004, -0.40680061899E-004, -0.15299808429E-007, -0.40664762091E-004
"             A1114","             A1115",  0.52263933291E+001,  0.00000000000E+000, -0.22500000000E+001, -0.28976292797E+004, -0.44094603836E-004, -0.16993266306E-007, -0.44077610570E-004
"             A1115","             A1116",  0.56363406814E+001,  0.00000000000E+000, -0.22500000000E+001, -0.28745105044E+004, -0.47440261615E-004, -0.18932018715E-007, -0.47421329596E-004
"             A1116","             A1117",  0.60548045781E+001,  0.00000000000E+000, -0.22500000000E+001, -0.28479208442E+004, -0.50642467688E-004, -0.21076780129E-007, -0.50621390907E-004
"             A1117","             A1118",  0.64817538041E+001,  0.00000000000E+000, -0.22500000000E+001, -0.28179170593E+004, -0.53639559304E-004, -0.23438480598E-007, -0.53616120823E-004
"             A1118","             A1119",  0.69182042191E+001,  0.00000000000E+000, -0.22500000000E+001, -0.27845678822E+004, -0.56383428238E-004, -0.26042274561E-007, -0.56357385964E-004
"             A1119","             A1120",  0.73636606238E+001,  0.00000000000E+000, -0.22500000000E+001, -0.27479476535E+004, -0.58839239800E-004, -0.28914948193E-007, -0.58810324852E-004
"             A1120","             A1121",  0.78186078158E+001,  0.00000000000E+000, -0.22500000000E+001, -0.27081324607E+004, -0.60984749296E-004, -0.32079407423E-007, -0.60952669888E-004
"             A1121","             A1122",  0.82830612480E+001,  0.00000000000E+000, -0.22500000000E+001, -0.26651972722E+004, -0.62809157293E-004, -0.35552089852E-007, -0.62773605203E-004
"             A1122","             A1123",  0.87570105197E+001,  0.00000000000E+000, -0.22500000000E+001, -0.26192163427E+004, -0.64311532265E-004, -0.39342056917E-007, -0.64272190208E-004
"             A1123","             A1124",  0.92409558845E+001,  0.00000000000E+000, -0.22500000000E+001, -0.25702614277E+004, -0.65499171950E-004, -0.43451462867E-007, -0.65455720488E-004
"             A1124","             A1125",  0.97354021424E+001,  0.00000000000E+000, -0.22500000000E+001, -0.25184056658E+004, -0.66385566287E-004, -0.47875953963E-007, -0.66337690333E-004
"             A1125","             A1126",  0.10241334327E+002,  0.00000000000E+000, -0.22500000000E+001, -0.24637296504E+004, -0.66988436245E-004, -0.52605540115E-007, -0.66935830705E-004
"             A1126","             A1127",  0.10757298481E+002,  0.00000000000E+000, -0.22500000000E+001, -0.24063121919E+004, -0.67328045905E-004, -0.57627151960E-007, -0.67270418753E-004
"             A1127","             A1128",  0.11282243374E+002,  0.00000000000E+000, -0.22500000000E+001, -0.23462444419E+004, -0.67425349640E-004, -0.62924924216E-007, -0.67362424716E-004
"             A1128","             A1129",  0.11817189521E+002,  0.00000000000E+000, -0.22500000000E+001, -0.22836283567E+004, -0.67300619144E-004, -0.68481940139E-007, -0.67232137204E-004
"             A1129","             A1130",  0.12367089859E+002,  0.00000000000E+000, -0.22500000000E+001, -0.22185684600E+004, -0.66972266617E-004, -0.74282387953E-007, -0.66897984229E-004
"             A1130","             A1131",  0.12927085447E+002,  0.00000000000E+000, -0.22500000000E+001, -0.21511885209E+004, -0.66456080350E-004, -0.80310988275E-007, -0.66375769361E-004
"             A1131","             A1132",  0.13496983297E+002,  0.00000000000E+000, -0.22500000000E+001, -0.20816296706E+004, -0.65764839196E-004, -0.86553832026E-007, -0.65678285364E-004
"             A1132","             A1133",  0.14081934428E+002,  0.00000000000E+000, -0.22500000000E+001, -0.20100422872E+004, -0.64908165999E-004, -0.92999444303E-007, -0.64815166555E-004
"             A1133","             A1134",  0.14676876920E+002,  0.00000000000E+000, -0.22500000000E+001, -0.19366005411E+004, -0.63892920886E-004, -0.99637284156E-007, -0.63793283602E-004
"             A1134","             A1135",  0.15286773774E+002,  0.00000000000E+000, -0.22500000000E+001, -0.18614908745E+004, -0.62723582458E-004, -0.10645842448E-006, -0.62617124034E-004
"             A1135","             A1136",  0.15911724028E+002,  0.00000000000E+000, -0.22500000000E+001, -0.17849219726E+004, -0.61403080956E-004, -0.11345393094E-006, -0.61289627025E-004
"             A1136","             A1137",  0.16546675610E+002,  0.00000000000E+000, -0.22500000000E+001, -0.17071164121E+004, -0.59933477061E-004, -0.12061482121E-006, -0.59812862240E-004
"             A1137","             A1138",  0.17191618669E+002,  0.00000000000E+000, -0.22500000000E+001, -0.16283189061E+004, -0.58316942731E-004, -0.12793037407E-006, -0.58189012357E-004
"             A1138","             A1139",  0.17851516213E+002,  0.00000000000E+000, -0.22500000000E+001, -0.15487902516E+004, -0.56556446349E-004, -0.13538779770E-006, -0.56421058551E-004
"             A1139","             A1140",  0.18526462278E+002,  0.00000000000E+000, -0.22500000000E+001, -0.14688040738E+004, -0.54656369354E-004, -0.14297174922E-006, -0.54513397605E-004
"             A1140","             A1141",  0.19216357882E+002,  0.00000000000E+000, -0.22500000000E+001, -0.13886502966E+004, -0.52623134764E-004, -0.15066331987E-006, -0.52472471444E-004
"             A1141","             A1142",  0.19921307074E+002,  0.00000000000E+000, -0.22500000000E+001, -0.13086285093E+004, -0.50465447522E-004, -0.15844017717E-006, -0.50307007345E-004
"             A1142","             A1143",  0.20641205821E+002,  0.00000000000E+000, -0.22500000000E+001, -0.12290480400E+004, -0.48194520970E-004, -0.16627622628E-006, -0.48028244744E-004
"             A1143","             A1144",  0.21376153162E+002,  0.00000000000E+000, -0.22500000000E+001, -0.11502212263E+004, -0.45823972383E-004, -0.17414213625E-006, -0.45649830247E-004
"             A1144","             A1145",  0.22121097258E+002,  0.00000000000E+000, -0.22500000000E+001, -0.10724660309E+004, -0.43369845642E-004, -0.18200507059E-006, -0.43187840571E-004
"             A1145","             A1146",  0.22885944016E+002,  0.00000000000E+000, -0.22500000000E+001, -0.99609710533E+003, -0.40850182763E-004, -0.18982972659E-006, -0.40660353036E-004
"             A1146","             A1147",  0.23670891516E+002,  0.00000000000E+000, -0.22500000000E+001, -0.92142259886E+003, -0.38284668281E-004, -0.19757891289E-006, -0.38087089368E-004
"             A1147","             A1148",  0.24465840778E+002,  0.00000000000E+000, -0.22500000000E+001, -0.84874181988E+003, -0.35694247040E-004, -0.20521411587E-006, -0.35489032924E-004
"             A1148","             A1149",  0.25280682862E+002,  0.00000000000E+000, -0.22500000000E+001, -0.77834124943E+003, -0.33100639086E-004, -0.21269629146E-006, -0.32887942794E-004
"             A1149","             A1150",  0.26115630832E+002,  0.00000000000E+000, -0.22500000000E+001, -0.71048778815E+003, -0.30525725832E-004, -0.21998701186E-006, -0.30305738820E-004
"             A1150","             A1151",  0.26960580658E+002,  0.00000000000E+000, -0.22500000000E+001, -0.64542554946E+003, -0.27991037502E-004, -0.22704925469E-006, -0.27763988247E-004
"             A1151","             A1152",  0.27825423417E+002,  0.00000000000E+000, -0.22500000000E+001, -0.58337432723E+003, -0.25517314093E-004, -0.23384802076E-006, -0.25283466073E-004
"             A1152","             A1153",  0.28710372151E+002,  0.00000000000E+000, -0.22500000000E+001, -0.52452317681E+003, -0.23123888806E-004, -0.24035147602E-006, -0.22883537330E-004
"             A1153","             A1154",  0.29615213896E+002,  0.00000000000E+000, -0.22500000000E+001, -0.46902961701E+003, -0.20828317056E-004, -0.24653144991E-006, -0.20581785606E-004
"             A1154","             A1155",  0.30540161757E+002,  0.00000000000E+000, -0.22500000000E+001, -0.41701493659E+003, -0.18645891614E-004, -0.25236432574E-006, -0.18393527289E-004
"             A1155","             A1156",  0.31480059673E+002,  0.00000000000E+000, -0.22500000000E+001, -0.36856375259E+003, -0.16589383705E-004, -0.25783139541E-006, -0.16331552310E-004
"             A1156","             A1157",  0.32439954726E+002,  0.00000000000E+000, -0.22500000000E+001, -0.32372405841E+003, -0.14668872160E-004, -0.26291908579E-006, -0.14405953074E-004
"             A1157","             A1158",  0.33424799960E+002,  0.00000000000E+000, -0.22500000000E+001, -0.28250468581E+003, -0.12891528959E-004, -0.26761940153E-006, -0.12623909557E-004
"             A1158","             A1159",  0.34429746437E+002,  0.00000000000E+000, -0.22500000000E+001, -0.24487694835E+003, -0.11261649889E-004, -0.27192981470E-006, -0.10989720074E-004
"             A1159","             A1160",  0.35449643195E+002,  0.00000000000E+000, -0.22500000000E+001, -0.21077506354E+003, -0.97806975429E-005, -0.27585322261E-006, -0.95048443203E-005
"             A1160","             A1161",  0.36494490248E+002,  0.00000000000E+000, -0.22500000000E+001, -0.18010242783E+003, -0.84476525545E-005, -0.27939716203E-006, -0.81682553924E-005
"             A1161","             A1162",  0.37564381677E+002,  0.00000000000E+000, -0.22500000000E+001, -0.15272843233E+003, -0.72589968899E-005, -0.28257407464E-006, -0.69764228153E-005
"             A1162","             A1163",  0.38654280563E+002,  0.00000000000E+000, -0.22500000000E+001, -0.12849547323E+003, -0.62091684842E-005, -0.28540034997E-006, -0.59237681342E-005
"             A1163","             A1164",  0.39764176889E+002,  0.00000000000E+000, -0.22500000000E+001, -0.10722310822E+003, -0.52909078281E-005, -0.28789568793E-006, -0.50030121401E-005
"             A1164","             A1165",  0.40899018766E+002,  0.00000000000E+000, -0.22500000000E+001, -0.88711113386E+002, -0.44955595465E-005, -0.29008258618E-006, -0.42054769603E-005
"             A1165","             A1166",  0.42058915245E+002,  0.00000000000E+000, -0.22500000000E+001, -0.72747009188E+002, -0.38135572470E-005, -0.29198530672E-006, -0.35215719403E-005
"             A1166","             A1167",  0.43243757365E+002,  0.00000000000E+000, -0.22500000000E+001, -0.59109840388E+002, -0.32347311531E-005, -0.29362930112E-006, -0.29411018520E-005
"             A1167","             A1168",  0.44453654207E+002,  0.00000000000E+000, -0.22500000000E+001, -0.47573433522E+002, -0.27485706884E-005, -0.29504072952E-006, -0.24535299589E-005
"             A1168","             A1169",  0.45688501744E+002,  0.00000000000E+000, -0.22500000000E+001, -0.37911947500E+002, -0.23445611857E-005, -0.29624572916E-006, -0.20483154565E-005
"             A1169","             A1170",  0.46948394090E+002,  0.00000000000E+000, -0.22500000000E+001, -0.29905442371E+002, -0.20124934633E-005, -0.29726969865E-006, -0.17152237647E-005
"             A1170","             A1171",  0.48233237341E+002,  0.00000000000E+000, -0.22500000000E+001, -0.23342121742E+002, -0.17426092211E-005, -0.29813701332E-006, -0.14444722078E-005
"             A1171","             A1172",  0.49548083507E+002,  0.00000000000E+000, -0.22500000000E+001, -0.18021802703E+002, -0.15257771042E-005, -0.29887061549E-006, -0.12269064887E-005
"             A1172","             A1173",  0.50892927639E+002,  0.00000000000E+000, -0.22500000000E+001, -0.13759363507E+002, -0.13536471198E-005, -0.29949159063E-006, -0.10541555292E-005
"             A1173","             A1174",  0.52262826780E+002,  0.00000000000E+000, -0.22500000000E+001, -0.10385295635E+002, -0.12186729541E-005, -0.30001914872E-006, -0.91865380536E-006
"             A1174","             A1175",  0.53657667058E+002,  0.00000000000E+000, -0.22500000000E+001, -0.77476789289E+001, -0.11141807812E-005, -0.30047038915E-006, -0.81371039204E-006
"             A1175","             A1176",  0.55087458541E+002,  0.00000000000E+000, -0.22500000000E+001, -0.57122324342E+001, -0.10343533309E-005, -0.30086033866E-006, -0.73349299222E-006
"             A1176","             A1177",  0.56547352324E+002,  0.00000000000E+000, -0.22500000000E+001, -0.41623723483E+001, -0.97420977967E-006, -0.30120195414E-006, -0.67300782553E-006
"             A1177","             A1178",  0.58032202353E+002,  0.00000000000E+000, -0.22500000000E+001, -0.29984406029E+001, -0.92955131833E-006, -0.30150624697E-006, -0.62804507136E-006
"             A1178","             A1179",  0.59551988775E+002,  0.00000000000E+000, -0.22500000000E+001, -0.21367575257E+001, -0.89689998881E-006, -0.30178239540E-006, -0.59511759342E-006
"             A1179","             A1180",  0.61106835692E+002,  0.00000000000E+000, -0.22500000000E+001, -0.15081727552E+001, -0.87341983720E-006, -0.30203793873E-006, -0.57138189847E-006
"             A1180","             A1181",  0.62691676139E+002,  0.00000000000E+000, -0.22500000000E+001, -0.10565758613E+001, -0.85683913810E-006, -0.30227894972E-006, -0.55456018837E-006
"             A1181","             A1182",  0.64306525165E+002,  0.00000000000E+000, -0.22500000000E+001, -0.73719541324E+000, -0.84536767469E-006, -0.30251024116E-006, -0.54285743353E-006
"             A1182","             A1183",  0.65956315840E+002,  0.00000000000E+000, -0.22500000000E+001, -0.51496641308E+000, -0.83761989376E-006, -0.30273554038E-006, -0.53488435338E-006
"             A1183","             A1184",  0.67646105299E+002,  0.00000000000E+000, -0.22500000000E+001, -0.36290980267E+000, -0.83254180002E-006, -0.30295768596E-006, -0.52958411407E-006
"             A1184","             A1185",  0.69370950624E+002,  0.00000000000E+000, -0.22500000000E+001, -0.26064969362E+000, -0.82934593387E-006, -0.30317879946E-006, -0.52616713441E-006
"             A1185","             A1186",  0.71125794844E+002,  0.00000000000E+000, -0.22500000000E+001, -0.19309798088E+000, -0.82745505391E-006, -0.30340041087E-006, -0.52405464304E-006
"             A1186","             A1187",  0.72920534054E+002,  0.00000000000E+000, -0.22500000000E+001, -0.14929054727E+000, -0.82645369643E-006, -0.30362360423E-006, -0.52283009219E-006
"             A1187","             A1188",  0.74755381334E+002,  0.00000000000E+000, -0.22500000000E+001, -0.12141983158E+000, -0.82604861454E-006, -0.30384911533E-006, -0.52219949921E-006
"             A1188","             A1189",  0.76625170773E+002,  0.00000000000E+000, -0.22500000000E+001, -0.10403751542E+000, -0.82603680606E-006, -0.30407741127E-006, -0.52195939479E-006
"             A1189","             A1190",  0.78534964472E+002,  0.00000000000E+000, -0.22500000000E+001, -0.93419863544E-001, -0.82628054095E-006, -0.30430877405E-006, -0.52197176690E-006
"             A1190","             A1191",  0.80484752543E+002,  0.00000000000E+000, -0.22500000000E+001, -0.87076374431E-001, -0.82668823464E-006, -0.30454333461E-006, -0.52214490003E-006
"             A1191","             A1192",  0.82479503001E+002,  0.00000000000E+000, -0.22500000000E+001, -0.83376509294E-001, -0.82720019927E-006, -0.30478112254E-006, -0.52241907673E-006
"             A1192","             A1193",  0.84514327073E+002,  0.00000000000E+000, -0.22500000000E+001, -0.81276829396E-001, -0.82777830486E-006, -0.30502209314E-006, -0.52275621172E-006
"             A1193","             A1194",  0.86589091689E+002,  0.00000000000E+000, -0.22500000000E+001, -0.80124374779E-001, -0.82839864356E-006, -0.30526614653E-006, -0.52313249702E-006
"             A1194","             A1195",  0.88708863011E+002,  0.00000000000E+000, -0.22500000000E+001, -0.79520138469E-001, -0.82904646244E-006, -0.30551314054E-006, -0.52353332189E-006
"             A1195","             A1196",  0.90873587493E+002,  0.00000000000E+000, -0.22500000000E+001, -0.79225922851E-001, -0.82971275280E-006, -0.30576289956E-006, -0.52394985323E-006
"             A1196","             A1197",  0.93083418696E+002,  0.00000000000E+000, -0.22500000000E+001, -0.79102943732E-001, -0.83039202396E-006, -0.30601522315E-006, -0.52437680081E-006
"             A1197","             A1198",  0.95343100636E+002,  0.00000000000E+000, -0.22500000000E+001, -0.79072377673E-001, -0.83108085229E-006, -0.30626988092E-006, -0.52481097137E-006
"             A1198","             A1199",  0.97647943652E+002,  0.00000000000E+000, -0.22500000000E+001, -0.79090448076E-001, -0.83177703464E-006, -0.30652663090E-006, -0.52525040374E-006
"             A1199","             A12 0",  0.10000556220E+003,  0.00000000000E+000, -0.22500000000E+001, -0.79133449395E-001, -0.83247900415E-006, -0.30678520263E-006, -0.52569380152E-006
"             A12 0","             A12 1",  0.10338774516E+003,  0.00000000000E+000, -0.22500000000E+001, -0.79213937647E-001, -0.83346493784E-006, -0.30714811804E-006, -0.52631681981E-006
"             A12 1","             A12 2",  0.10818762742E+003,  0.00000000000E+000, -0.22500000000E+001, -0.79339223138E-001, -0.83483527352E-006, -0.30765237988E-006, -0.52718289364E-006
"             A12 2","             A12 3",  0.11501670482E+003,  0.00000000000E+000, -0.22500000000E+001, -0.79516108343E-001, -0.83670788827E-006, -0.30834143342E-006, -0.52836645485E-006
"             A12 3","             A12 4",  0.12483987403E+003,  0.00000000000E+000, -0.22500000000E+001, -0.79752239315E-001, -0.83919399438E-006, -0.30925623264E-006, -0.52993776174E-006
"             A12 4","             A12 5",  0.13889812218E+003,  0.00000000000E+000, -0.22500000000E+001, -0.80049968369E-001, -0.84232700498E-006, -0.31040900806E-006, -0.53191799692E-006
"             A12 5","             A12 6",  0.15894452474E+003,  0.00000000000E+000, -0.22500000000E+001, -0.80388643965E-001, -0.84589079643E-006, -0.31172001579E-006, -0.53417078064E-006
"             A12 6","             A12 7",  0.18762529518E+003,  0.00000000000E+000, -0.22500000000E+001, -0.80690697195E-001, -0.84906930075E-006, -0.31288845004E-006, -0.53618085071E-006
"             A12 7","             A12 8",  0.22855941709E+003,  0.00000000000E+000, -0.22500000000E+001, -0.80766034623E-001, -0.84986195994E-006, -0.31317706126E-006, -0.53668489868E-006
"             A12 8","             A12 9",  0.28706835340E+003,  0.00000000000E+000, -0.22500000000E+001, -0.80246394896E-001, -0.84439421556E-006, -0.31115811936E-006, -0.53323609620E-006
"             A12 9","             A1210",  0.37076528576E+003,  0.00000000000E+000, -0.22500000000E+001, -0.78551540638E-001, -0.82656024147E-006, -0.30458184177E-006, -0.52197839970E-006
"             A1210","             A1211",  0.49037188731E+003,  0.00000000000E+000, -0.22500000000E+001, -0.74901756590E-001, -0.78815559498E-006, -0.29042536594E-006, -0.49773022904E-006
"             A1211","             A1212",  0.66126058656E+003,  0.00000000000E+000, -0.22500000000E+001, -0.68240205756E-001, -0.71805920754E-006, -0.26459139623E-006, -0.45346781132E-006
"             A1212","             A1213",  0.90549706755E+003,  0.00000000000E+000, -0.22500000000E+001, -0.57086696238E-001, -0.60069634631E-006, -0.22134187356E-006, -0.37935447274E-006
"             A1213","             A1214",  0.12545376506E+004,  0.00000000000E+000, -0.22500000000E+001, -0.40305919688E-001, -0.42412018415E-006, -0.15627572948E-006, -0.26784445467E-006
"             A1214","             A1215",  0.17534635338E+004,  0.00000000000E+000, -0.22500000000E+001, -0.20240568958E-001, -0.21298203392E-006, -0.78476783816E-007, -0.13450525011E-006
"             A1215","             A1216",  0.24664941350E+004,  0.00000000000E+000, -0.22500000000E+001, -0.55989028218E-002, -0.58914554568E-007, -0.21707938420E-007, -0.37206616147E-007
"             A1216","             A1217",  0.34856246991E+004,  0.00000000000E+000, -0.22500000000E+001, -0.70114102849E-003, -0.73777481263E-008, -0.27184364084E-008, -0.46593117179E-008
"             A1217","             A1218",  0.49426116857E+004,  0.00000000000E+000, -0.22500000000E+001, -0.36962802262E-004, -0.38898337562E-009, -0.14332642829E-009, -0.24565694732E-009
"             A1218","             A1219",  0.70246706738E+004,  0.00000000000E+000, -0.22500000000E+001, -0.81565928404E-006, -0.85866364678E-011, -0.31638780411E-011, -0.54227584267E-011
"             A1219","             A1220",  0.10000000000E+005,  0.00000000000E+000, -0.22500000000E+001, -0.18442396209E-007, -0.19406174928E-012, -0.71512022142E-013, -0.12254972713E-012
"TIME [sec]  0.31560000E+09"
"             A11 0","             A11 1",  0.30002474023E+000,  0.00000000000E+000, -0.22500000000E+001, -0.29999682922E+004,  0.27910592700E-010,  0.27910592700E-010,  0.00000000000E+000
"             A11 1","             A11 2",  0.60634010403E+000,  0.00000000000E+000, -0.22500000000E+001, -0.29998705785E+004,  0.12345887974E-009,  0.12345887974E-009,  0.00000000000E+000
"             A11 2","             A11 3",  0.91920359460E+000,  0.00000000000E+000, -0.22500000000E+001, -0.29997030399E+004,  0.29745981953E-009,  0.29745981953E-009,  0.00000000000E+000
"             A11 3","             A11 4",  0.12383235403E+001,  0.00000000000E+000, -0.22500000000E+001, -0.29994619373E+004,  0.55944789015E-009,  0.55944789015E-009,  0.00000000000E+000
"             A11 4","             A11 5",  0.15642871972E+001,  0.00000000000E+000, -0.22500000000E+001, -0.29991436461E+004,  0.91874777685E-009,  0.91874777685E-009,  0.00000000000E+000
"             A11 5","             A11 6",  0.18972519769E+001,  0.00000000000E+000, -0.22500000000E+001, -0.29987446133E+004,  0.13848806371E-008,  0.13848806371E-008,  0.00000000000E+000
"             A11 6","             A11 7",  0.22372121415E+001,  0.00000000000E+000, -0.22500000000E+001, -0.29982614273E+004,  0.19676514722E-008,  0.19676514722E-008,  0.00000000000E+000
"             A11 7","             A11 8",  0.25841784869E+001,  0.00000000000E+000, -0.22500000000E+001, -0.29976907254E+004,  0.26773367878E-008,  0.26254019898E-008,  0.51934797993E-010
"             A11 8","             A11 9",  0.29381352604E+001,  0.00000000000E+000, -0.22500000000E+001, -0.29973787602E+004, -0.78516411699E-006, -0.11376662464E-002,  0.11368810823E-002
"             A11 9","             A1110",  0.33000978172E+001,  0.00000000000E+000, -0.22500000000E+001, -0.30009194313E+004, -0.10690608598E-004, -0.11269992043E-002,  0.11163085957E-002
"             A1110","             A1111",  0.36695613513E+001,  0.00000000000E+000, -0.22500000000E+001, -0.30041148092E+004, -0.20329796661E-004, -0.11163292011E-002,  0.10959994045E-002
"             A1111","             A1112",  0.40465205195E+001,  0.00000000000E+000, -0.22500000000E+001, -0.30063500244E+004, -0.28315250533E-004, -0.11052657124E-002,  0.10769504619E-002
"             A1112","             A1113",  0.44314755725E+001,  0.00000000000E+000, -0.22500000000E+001, -0.30081848965E+004, -0.35978165535E-004, -0.10934319990E-002,  0.10574538335E-002
"             A1113","             A1114",  0.48249313096E+001,  0.00000000000E+000, -0.22500000000E+001, -0.30099814686E+004, -0.44239765430E-004, -0.10802737488E-002,  0.10360339834E-002
"             A1114","             A1115",  0.52263933291E+001,  0.00000000000E+000, -0.22500000000E+001, -0.30119715997E+004, -0.53766274518E-004, -0.10646295124E-002,  0.10108632379E-002
"             A1115","             A1116",  0.56363406814E+001,  0.00000000000E+000, -0.22500000000E+001, -0.30142730238E+004, -0.65026131323E-004, -0.81394742303E-003,  0.74892129171E-003
"             A1116","             A1117",  0.60548045781E+001,  0.00000000000E+000, -0.22500000000E+001, -0.30011484598E+004, -0.65652316561E-004, -0.77893012052E-007, -0.65574423549E-004
"             A1117","             A1118",  0.64817538041E+001,  0.00000000000E+000, -0.22500000000E+001, -0.29867965452E+004, -0.66278272478E-004, -0.32559218310E-007, -0.66245713259E-004
"             A1118","             A1119",  0.69182042191E+001,  0.00000000000E+000, -0.22500000000E+001, -0.29711792083E+004, -0.66900222793E-004, -0.30414785627E-007, -0.66869808008E-004
"             A1119","             A1120",  0.73636606238E+001,  0.00000000000E+000, -0.22500000000E+001, -0.29542573461E+004, -0.67511710333E-004, -0.31321756913E-007, -0.67480388576E-004
"             A1120","             A1121",  0.78186078158E+001,  0.00000000000E+000, -0.22500000000E+001, -0.29359935958E+004, -0.68106005841E-004, -0.33146890081E-007, -0.68072858951E-004
"             A1121","             A1122",  0.82830612480E+001,  0.00000000000E+000, -0.22500000000E+001, -0.29163518471E+004, -0.68676284802E-004, -0.35393859592E-007, -0.68640890942E-004
"             A1122","             A1123",  0.87570105197E+001,  0.00000000000E+000, -0.22500000000E+001, -0.28952974312E+004, -0.69215737131E-004, -0.37889124966E-007, -0.69177848006E-004
"             A1123","             A1124",  0.92409558845E+001,  0.00000000000E+000, -0.22500000000E+001, -0.28727958010E+004, -0.69717727769E-004, -0.40559569964E-007, -0.69677168199E-004
"             A1124","             A1125",  0.97354021424E+001,  0.00000000000E+000, -0.22500000000E+001, -0.28488134869E+004, -0.70175886975E-004, -0.43370965596E-007, -0.70132516009E-004
"             A1125","             A1126",  0.10241334327E+002,  0.00000000000E+000, -0.22500000000E+001, -0.28233199265E+004, -0.70584211303E-004, -0.46306682839E-007, -0.70537904621E-004
"             A1126","             A1127",  0.10757298481E+002,  0.00000000000E+000, -0.22500000000E+001, -0.27962821465E+004, -0.70937288335E-004, -0.49359919163E-007, -0.70887928415E-004
"             A1127","             A1128",  0.11282243374E+002,  0.00000000000E+000, -0.22500000000E+001, -0.27676703162E+004, -0.71230322381E-004, -0.52528210167E-007, -0.71177794171E-004
"             A1128","             A1129",  0.11817189521E+002,  0.00000000000E+000, -0.22500000000E+001, -0.27374561570E+004, -0.71459278701E-004, -0.55811569538E-007, -0.71403467131E-004
"             A1129","             A1130",  0.12367089859E+002,  0.00000000000E+000, -0.22500000000E+001, -0.27056081385E+004, -0.71621000501E-004, -0.59211942938E-007, -0.71561788558E-004
"             A1130","             A1131",  0.12927085447E+002,  0.00000000000E+000, -0.22500000000E+001, -0.26720988576E+004, -0.71713206194E-004, -0.62731275033E-007, -0.71650474919E-004
"             A1131","             A1132",  0.13496983297E+002,  0.00000000000E+000, -0.22500000000E+001, -0.26369037953E+004, -0.71734538492E-004, -0.66371257929E-007, -0.71668167234E-004
"             A1132","             A1133",  0.14081934428E+002,  0.00000000000E+000, -0.22500000000E+001, -0.25999970166E+004, -0.71684552768E-004, -0.70133689178E-007, -0.71614419078E-004
"             A1133","             A1134",  0.14676876920E+002,  0.00000000000E+000, -0.22500000000E+001, -0.25613585485E+004, -0.71563651371E-004, -0.74019327066E-007, -0.71489632044E-004
"             A1134","             A1135",  0.15286773774E+002,  0.00000000000E+000, -0.22500000000E+001, -0.25209687478E+004, -0.71372973034E-004, -0.78028629162E-007, -0.71294944405E-004
"             A1135","             A1136",  0.15911724028E+002,  0.00000000000E+000, -0.22500000000E+001, -0.24788140674E+004, -0.71114257311E-004, -0.82161118242E-007, -0.71032096193E-004
"             A1136","             A1137",  0.16546675610E+002,  0.00000000000E+000, -0.22500000000E+001, -0.24348833867E+004, -0.70789635259E-004, -0.86415988436E-007, -0.70703219271E-004
"             A1137","             A1138",  0.17191618669E+002,  0.00000000000E+000, -0.22500000000E+001, -0.23891736858E+004, -0.70401438784E-004, -0.90791687667E-007, -0.70310647097E-004
"             A1138","             A1139",  0.17851516213E+002,  0.00000000000E+000, -0.22500000000E+001, -0.23416880874E+004, -0.69951938423E-004, -0.95286390139E-007, -0.69856652033E-004
"             A1139","             A1140",  0.18526462278E+002,  0.00000000000E+000, -0.22500000000E+001, -0.22924355618E+004, -0.69443076823E-004, -0.99898361035E-007, -0.69343178462E-004
"             A1140","             A1141",  0.19216357882E+002,  0.00000000000E+000, -0.22500000000E+001, -0.22414349499E+004, -0.68876251783E-004, -0.10462582269E-006, -0.68771625960E-004
"             A1141","             A1142",  0.19921307074E+002,  0.00000000000E+000, -0.22500000000E+001, -0.21887131754E+004, -0.68252068261E-004, -0.10946745120E-006, -0.68142600810E-004
"             A1142","             A1143",  0.20641205821E+002,  0.00000000000E+000, -0.22500000000E+001, -0.21343077239E+004, -0.67570175178E-004, -0.11442235464E-006, -0.67455752823E-004
"             A1143","             A1144",  0.21376153162E+002,  0.00000000000E+000, -0.22500000000E+001, -0.20782649394E+004, -0.66829114942E-004, -0.11949046011E-006, -0.66709624482E-004
"             A1144","             A1145",  0.22121097258E+002,  0.00000000000E+000, -0.22500000000E+001, -0.20206448514E+004, -0.66026328899E-004, -0.12467213180E-006, -0.65901656767E-004
"             A1145","             A1146",  0.22885944016E+002,  0.00000000000E+000, -0.22500000000E+001, -0.19615180817E+004, -0.65158146412E-004, -0.12996848247E-006, -0.65028177930E-004
"             A1146","             A1147",  0.23670891516E+002,  0.00000000000E+000, -0.22500000000E+001, -0.19009666674E+004, -0.64219912133E-004, -0.13538119902E-006, -0.64084530934E-004
"             A1147","             A1148",  0.24465840778E+002,  0.00000000000E+000, -0.22500000000E+001, -0.18390858145E+004, -0.63206220812E-004, -0.14091218054E-006, -0.63065308631E-004
"             A1148","             A1149",  0.25280682862E+002,  0.00000000000E+000, -0.22500000000E+001, -0.17759843018E+004, -0.62111214137E-004, -0.14656317333E-006, -0.61964650964E-004
"             A1149","             A1150",  0.26115630832E+002,  0.00000000000E+000, -0.22500000000E+001, -0.17117824191E+004, -0.60928906046E-004, -0.15233558957E-006, -0.60776570456E-004
"             A1150","             A1151",  0.26960580658E+002,  0.00000000000E+000, -0.22500000000E+001, -0.16466123012E+004, -0.59653587021E-004, -0.15822998898E-006, -0.59495357032E-004
"             A1151","             A1152",  0.27825423417E+002,  0.00000000000E+000, -0.22500000000E+001, -0.15806199398E+004, -0.58280291096E-004, -0.16424539755E-006, -0.58116045699E-004
"             A1152","             A1153",  0.28710372151E+002,  0.00000000000E+000, -0.22500000000E+001, -0.15139618532E+004, -0.56805156625E-004, -0.17037910720E-006, -0.56634777517E-004
"             A1153","             A1154",  0.29615213896E+002,  0.00000000000E+000, -0.22500000000E+001, -0.14468067194E+004, -0.55225853056E-004, -0.17662602621E-006, -0.55049227030E-004
"             A1154","             A1155",  0.30540161757E+002,  0.00000000000E+000, -0.22500000000E+001, -0.13793319973E+004, -0.53541846439E-004, -0.18297857147E-006, -0.53358867867E-004
"             A1155","             A1156",  0.31480059673E+002,  0.00000000000E+000, -0.22500000000E+001, -0.13117242816E+004, -0.51754668984E-004, -0.18942627602E-006, -0.51565242708E-004
"             A1156","             A1157",  0.32439954726E+002,  0.00000000000E+000, -0.22500000000E+001, -0.12441798778E+004, -0.49868120346E-004, -0.19595547542E-006, -0.49672164871E-004
"             A1157","             A1158",  0.33424799960E+002,  0.00000000000E+000, -0.22500000000E+001, -0.11769003343E+004, -0.47888238105E-004, -0.20254958859E-006, -0.47685688517E-004
"             A1158","             A1159",  0.34429746437E+002,  0.00000000000E+000, -0.22500000000E+001, -0.11100921601E+004, -0.45823276723E-004, -0.20918910328E-006, -0.45614087620E-004
"             A1159","             A1160",  0.35449643195E+002,  0.00000000000E+000, -0.22500000000E+001, -0.10439633261E+004, -0.43683508692E-004, -0.21585199816E-006, -0.43467656693E-004
"             A1160","             A1161",  0.36494490248E+002,  0.00000000000E+000, -0.22500000000E+001, -0.97872902860E+003, -0.41481243316E-004, -0.22251329350E-006, -0.41258730022E-004
"             A1161","             A1162",  0.37564381677E+002,  0.00000000000E+000, -0.22500000000E+001, -0.91459870652E+003, -0.39230197702E-004, -0.22914662396E-006, -0.39001051078E-004
"             A1162","             A1163",  0.38654280563E+002,  0.00000000000E+000, -0.22500000000E+001, -0.85177946653E+003, -0.36945322579E-004, -0.23572414878E-006, -0.36709598430E-004
"             A1163","             A1164",  0.39764176889E+002,  0.00000000000E+000, -0.22500000000E+001, -0.79047403649E+003, -0.34642444338E-004, -0.24221709608E-006, -0.34400227242E-004
"             A1164","             A1165",  0.40899018766E+002,  0.00000000000E+000, -0.22500000000E+001, -0.73087394067E+003, -0.32337713378E-004, -0.24859682739E-006, -0.32089116551E-004
"             A1165","             A1166",  0.42058915245E+002,  0.00000000000E+000, -0.22500000000E+001, -0.67316633119E+003, -0.30047584050E-004, -0.25483443229E-006, -0.29792749618E-004
"             A1166","             A1167",  0.43243757365E+002,  0.00000000000E+000, -0.22500000000E+001, -0.61752755109E+003, -0.27788285972E-004, -0.26090170882E-006, -0.27527384263E-004
"             A1167","             A1168",  0.44453654207E+002,  0.00000000000E+000, -0.22500000000E+001, -0.56411603432E+003, -0.25575299070E-004, -0.26677227350E-006, -0.25308526796E-004
"             A1168","             A1169",  0.45688501744E+002,  0.00000000000E+000, -0.22500000000E+001, -0.51307173760E+003, -0.23423091505E-004, -0.27242187293E-006, -0.23150669632E-004
"             A1169","             A1170",  0.46948394090E+002,  0.00000000000E+000, -0.22500000000E+001, -0.46452098847E+003, -0.21345134043E-004, -0.27782807790E-006, -0.21067305965E-004
"             A1170","             A1171",  0.48233237341E+002,  0.00000000000E+000, -0.22500000000E+001, -0.41856760148E+003, -0.19353372834E-004, -0.28297146902E-006, -0.19070401365E-004
"             A1171","             A1172",  0.49548083507E+002,  0.00000000000E+000, -0.22500000000E+001, -0.37529061997E+003, -0.17457999066E-004, -0.28783604277E-006, -0.17170163023E-004
"             A1172","             A1173",  0.50892927639E+002,  0.00000000000E+000, -0.22500000000E+001, -0.33475221837E+003, -0.15667711590E-004, -0.29240844566E-006, -0.15375303145E-004
"             A1173","             A1174",  0.52262826780E+002,  0.00000000000E+000, -0.22500000000E+001, -0.29698573994E+003, -0.13989135260E-004, -0.29667939121E-006, -0.13692455869E-004
"             A1174","             A1175",  0.53657667058E+002,  0.00000000000E+000, -0.22500000000E+001, -0.26200366766E+003, -0.12427150038E-004, -0.30064280593E-006, -0.12126507232E-004
"             A1175","             A1176",  0.55087458541E+002,  0.00000000000E+000, -0.22500000000E+001, -0.22979256633E+003, -0.10984671816E-004, -0.30429640103E-006, -0.10680375415E-004
"             A1176","             A1177",  0.56547352324E+002,  0.00000000000E+000, -0.22500000000E+001, -0.20031665737E+003, -0.96628455053E-005, -0.30764124836E-006, -0.93552042569E-005
"             A1177","             A1178",  0.58032202353E+002,  0.00000000000E+000, -0.22500000000E+001, -0.17351630603E+003, -0.84610323363E-005, -0.31068189468E-006, -0.81503504416E-005
"             A1178","             A1179",  0.59551988775E+002,  0.00000000000E+000, -0.22500000000E+001, -0.14931181922E+003, -0.73770534997E-005, -0.31342585813E-006, -0.70636276416E-005
"             A1179","             A1180",  0.61106835692E+002,  0.00000000000E+000, -0.22500000000E+001, -0.12760312652E+003, -0.64072619973E-005, -0.31588357299E-006, -0.60913784243E-005
"             A1180","             A1181",  0.62691676139E+002,  0.00000000000E+000, -0.22500000000E+001, -0.10827343607E+003, -0.55468006674E-005, -0.31806787203E-006, -0.52287327954E-005
"             A1181","             A1182",  0.64306525165E+002,  0.00000000000E+000, -0.22500000000E+001, -0.91190684896E+002, -0.47897635682E-005, -0.31999372141E-006, -0.44697698467E-005
"             A1182","             A1183",  0.65956315840E+002,  0.00000000000E+000, -0.22500000000E+001, -0.76211618217E+002, -0.41294722645E-005, -0.32167765204E-006, -0.38077946125E-005
"             A1183","             A1184",  0.67646105299E+002,  0.00000000000E+000, -0.22500000000E+001, -0.63183599625E+002, -0.35586451655E-005, -0.32313745757E-006, -0.32355077079E-005
"             A1184","             A1185",  0.69370950624E+002,  0.00000000000E+000, -0.22500000000E+001, -0.51947399092E+002, -0.30696008844E-005, -0.32439179228E-006, -0.27452090921E-005
"             A1185","             A1186",  0.71125794844E+002,  0.00000000000E+000, -0.22500000000E+001, -0.42341408155E+002, -0.26545117683E-005, -0.32545962040E-006, -0.23290521479E-005
"             A1186","             A1187",  0.72920534054E+002,  0.00000000000E+000, -0.22500000000E+001, -0.34203492628E+002, -0.23055408821E-005, -0.32635994585E-006, -0.19791809363E-005
"             A1187","             A1188",  0.74755381334E+002,  0.00000000000E+000, -0.22500000000E+001, -0.27374167366E+002, -0.20150229850E-005, -0.32711140906E-006, -0.16879115759E-005
"             A1188","             A1189",  0.76625170773E+002,  0.00000000000E+000, -0.22500000000E+001, -0.21699065953E+002, -0.17756011385E-005, -0.32773197804E-006, -0.14478691605E-005
"             A1189","             A1190",  0.78534964472E+002,  0.00000000000E+000, -0.22500000000E+001, -0.17030804507E+002, -0.15803258083E-005, -0.32823871864E-006, -0.12520870897E-005
"             A1190","             A1191",  0.80484752543E+002,  0.00000000000E+000, -0.22500000000E+001, -0.13231172500E+002, -0.14227564393E-005, -0.32864754269E-006, -0.10941088966E-005
"             A1191","             A1192",  0.82479503001E+002,  0.00000000000E+000, -0.22500000000E+001, -0.10172226135E+002, -0.12970077826E-005, -0.32897308706E-006, -0.96803469558E-006
"             A1192","             A1193",  0.84514327073E+002,  0.00000000000E+000, -0.22500000000E+001, -0.77373572916E+001, -0.11977882773E-005, -0.32922860255E-006, -0.86855967476E-006
"             A1193","             A1194",  0.86589091689E+002,  0.00000000000E+000, -0.22500000000E+001, -0.58218595677E+001, -0.11204122095E-005, -0.32942590484E-006, -0.79098630467E-006
"             A1194","             A1195",  0.88708863011E+002,  0.00000000000E+000, -0.22500000000E+001, -0.43331071238E+001, -0.10607925460E-005, -0.32957537095E-006, -0.73121717509E-006
"             A1195","             A1196",  0.90873587493E+002,  0.00000000000E+000, -0.22500000000E+001, -0.31903648468E+001, -0.10154169118E-005, -0.32968597865E-006, -0.68573093314E-006
"             A1196","             A1197",  0.93083418696E+002,  0.00000000000E+000, -0.22500000000E+001, -0.23243236061E+001, -0.98131198769E-006, -0.32976537518E-006, -0.65154661252E-006
"             A1197","             A1198",  0.95343100636E+002,  0.00000000000E+000, -0.22500000000E+001, -0.16763696489E+001, -0.95599770503E-006, -0.32981997558E-006, -0.62617772945E-006
"             A1198","             A1199",  0.97647943652E+002,  0.00000000000E+000, -0.22500000000E+001, -0.11976176927E+001, -0.93743343091E-006, -0.32985508316E-006, -0.60757834775E-006
"             A1199","             A12 0",  0.10000556220E+003,  0.00000000000E+000, -0.22500000000E+001, -0.84791319939E+000, -0.92396466125E-006, -0.32987501348E-006, -0.59408964778E-006
"             A12 0","             A12 1",  0.10338774516E+003,  0.00000000000E+000, -0.22500000000E+001, -0.52365709899E+000, -0.91156767116E-006, -0.32988299067E-006, -0.58168468048E-006
"             A12 1","             A12 2",  0.10818762742E+003,  0.00000000000E+000, -0.22500000000E+001, -0.27918590242E+000, -0.90228007413E-006, -0.32986748191E-006, -0.57241259222E-006
"             A12 2","             A12 3",  0.11501670482E+003,  0.00000000000E+000, -0.22500000000E+001, -0.14380710799E+000, -0.89709740900E-006, -0.32981519518E-006, -0.56728221382E-006
"             A12 3","             A12 4",  0.12483987403E+003,  0.00000000000E+000, -0.22500000000E+001, -0.95634555523E-001, -0.89504961667E-006, -0.32970955021E-006, -0.56534006646E-006
"             A12 4","             A12 5",  0.13889812218E+003,  0.00000000000E+000, -0.22500000000E+001, -0.85993123368E-001, -0.89419300634E-006, -0.32951953232E-006, -0.56467347401E-006
"             A12 5","             A12 6",  0.15894452474E+003,  0.00000000000E+000, -0.22500000000E+001, -0.84936343533E-001, -0.89323831866E-006, -0.32917782440E-006, -0.56406049426E-006
"             A12 6","             A12 7",  0.18762529518E+003,  0.00000000000E+000, -0.22500000000E+001, -0.84727212202E-001, -0.89153173523E-006, -0.32854627875E-006, -0.56298545648E-006
"             A12 7","             A12 8",  0.22855941709E+003,  0.00000000000E+000, -0.22500000000E+001, -0.84419202717E-001, -0.88830210355E-006, -0.32735223893E-006, -0.56094986462E-006
"             A12 8","             A12 9",  0.28706835340E+003,  0.00000000000E+000, -0.22500000000E+001, -0.83833218084E-001, -0.88213642598E-006, -0.32507563139E-006, -0.55706079460E-006
"             A12 9","             A1210",  0.37076528576E+003,  0.00000000000E+000, -0.22500000000E+001, -0.82728855023E-001, -0.87051577815E-006, -0.32078835739E-006, -0.54972742077E-006
"             A1210","             A1211",  0.49037188731E+003,  0.00000000000E+000, -0.22500000000E+001, -0.80725251978E-001, -0.84943327297E-006, -0.31301411109E-006, -0.53641916188E-006
"             A1211","             A1212",  0.66126058656E+003,  0.00000000000E+000, -0.22500000000E+001, -0.77296494782E-001, -0.81335404359E-006, -0.29971369823E-006, -0.51364034536E-006
"             A1212","             A1213",  0.90549706755E+003,  0.00000000000E+000, -0.22500000000E+001, -0.71696092511E-001, -0.75442382342E-006, -0.27799345223E-006, -0.47643037120E-006
"             A1213","             A1214",  0.12545376506E+004,  0.00000000000E+000, -0.22500000000E+001, -0.62483071925E-001, -0.65747982688E-006, -0.24226689245E-006, -0.41521293443E-006
"             A1214","             A1215",  0.17534635338E+004,  0.00000000000E+000, -0.22500000000E+001, -0.47567989065E-001, -0.50053550782E-006, -0.18443347789E-006, -0.31610202992E-006
"             A1215","             A1216",  0.24664941350E+004,  0.00000000000E+000, -0.22500000000E+001, -0.27362359402E-001, -0.28792118069E-006, -0.10608969656E-006, -0.18183148413E-006
"             A1216","             A1217",  0.34856246991E+004,  0.00000000000E+000, -0.22500000000E+001, -0.93194256118E-002, -0.98063840398E-007, -0.36133115531E-007, -0.61930724867E-007
"             A1217","             A1218",  0.49426116857E+004,  0.00000000000E+000, -0.22500000000E+001, -0.14879301464E-002, -0.15656832396E-007, -0.57689842524E-008, -0.98878481440E-008
"             A1218","             A1219",  0.70246706738E+004,  0.00000000000E+000, -0.22500000000E+001, -0.10028763704E-003, -0.10552932404E-008, -0.38883778283E-009, -0.66645545757E-009
"             A1219","             A1220",  0.10000000000E+005,  0.00000000000E+000, -0.22500000000E+001, -0.66430632238E-005, -0.69982135041E-010, -0.25785912013E-010, -0.44196223028E-010
